{
    "learning_rate": 0.06330547779580686,
    "n_estimators": 439.78820565779705
}