{
    "max_depth": 23.299848545285126,
    "n_estimators": 319.3963178886665
}