{
    "max_depth": 20.02787529358022,
    "n_estimators": 368.63266000822045
}