{
    "learning_rate": 0.3807947176588889,
    "n_estimators": 477.8214378844623
}