{
    "0": {
        "precision": 0.995879654621176,
        "recall": 0.9874130900760437,
        "f1-score": 0.9916283007060376,
        "support": 386751.0
    },
    "1": {
        "precision": 0.12129963898916968,
        "recall": 0.2984014209591474,
        "f1-score": 0.17248459958932238,
        "support": 2252.0
    },
    "accuracy": 0.9834242923576425,
    "macro avg": {
        "precision": 0.5585896468051729,
        "recall": 0.6429072555175955,
        "f1-score": 0.5820564501476799,
        "support": 389003.0
    },
    "weighted avg": {
        "precision": 0.9908165723436531,
        "recall": 0.9834242923576425,
        "f1-score": 0.9868861480364829,
        "support": 389003.0
    }
}