{
    "0": {
        "precision": 1.0,
        "recall": 0.0011712962603845885,
        "f1-score": 0.0023398518610344933,
        "support": 386751.0
    },
    "1": {
        "precision": 0.00579590786256595,
        "recall": 1.0,
        "f1-score": 0.01152501778394174,
        "support": 2252.0
    },
    "accuracy": 0.006953673879121755,
    "macro avg": {
        "precision": 0.502897953931283,
        "recall": 0.5005856481301922,
        "f1-score": 0.006932434822488117,
        "support": 389003.0
    },
    "weighted avg": {
        "precision": 0.9942443949905437,
        "recall": 0.006953673879121755,
        "f1-score": 0.002393026241844891,
        "support": 389003.0
    }
}