{
    "0": {
        "precision": 0.9984376934770409,
        "recall": 0.9798914547085851,
        "f1-score": 0.9890776413969136,
        "support": 386751.0
    },
    "1": {
        "precision": 0.1758160237388724,
        "recall": 0.7366785079928952,
        "f1-score": 0.28388090349075973,
        "support": 2252.0
    },
    "accuracy": 0.9784834564257859,
    "macro avg": {
        "precision": 0.5871268586079567,
        "recall": 0.8582849813507402,
        "f1-score": 0.6364792724438366,
        "support": 389003.0
    },
    "weighted avg": {
        "precision": 0.993675406296093,
        "recall": 0.9784834564257859,
        "f1-score": 0.9849951457509555,
        "support": 389003.0
    }
}