{
    "0": {
        "precision": 0.9996297667530544,
        "recall": 0.013962471978094432,
        "f1-score": 0.027540271271672027,
        "support": 386751.0
    },
    "1": {
        "precision": 0.005865469589495335,
        "recall": 0.9991119005328597,
        "f1-score": 0.011662472496002364,
        "support": 2252.0
    },
    "accuracy": 0.019665658105464483,
    "macro avg": {
        "precision": 0.5027476181712749,
        "recall": 0.5065371862554771,
        "f1-score": 0.019601371883837197,
        "support": 389003.0
    },
    "weighted avg": {
        "precision": 0.9938767077863824,
        "recall": 0.019665658105464483,
        "f1-score": 0.02744835217890717,
        "support": 389003.0
    }
}