{
    "0": {
        "precision": 0.9988907321498935,
        "recall": 0.780000568841451,
        "f1-score": 0.8759785815503984,
        "support": 386751.0
    },
    "1": {
        "precision": 0.022033976230431483,
        "recall": 0.8512433392539964,
        "f1-score": 0.042956057991798684,
        "support": 2252.0
    },
    "accuracy": 0.7804130045269574,
    "macro avg": {
        "precision": 0.5104623541901625,
        "recall": 0.8156219540477236,
        "f1-score": 0.45946731977109856,
        "support": 389003.0
    },
    "weighted avg": {
        "precision": 0.9932355536182867,
        "recall": 0.7804130045269574,
        "f1-score": 0.8711560821787897,
        "support": 389003.0
    }
}