{
    "0": {
        "precision": 1.0,
        "recall": 0.0008325770327678532,
        "f1-score": 0.0016637688498035254,
        "support": 386751.0
    },
    "1": {
        "precision": 0.0057939544253513805,
        "recall": 1.0,
        "f1-score": 0.011521155799075545,
        "support": 2252.0
    },
    "accuracy": 0.006616915550779814,
    "macro avg": {
        "precision": 0.5028969772126757,
        "recall": 0.500416288516384,
        "f1-score": 0.0065924623244395355,
        "support": 389003.0
    },
    "weighted avg": {
        "precision": 0.9942443836817862,
        "recall": 0.006616915550779814,
        "f1-score": 0.0017208348246411504,
        "support": 389003.0
    }
}