{
    "0": {
        "precision": 0.9983575675207665,
        "recall": 0.9838785161512188,
        "f1-score": 0.9910651614222294,
        "support": 386751.0
    },
    "1": {
        "precision": 0.20684391298816945,
        "recall": 0.7220248667850799,
        "f1-score": 0.3215663008009493,
        "support": 2252.0
    },
    "accuracy": 0.9823626038873736,
    "macro avg": {
        "precision": 0.602600740254468,
        "recall": 0.8529516914681494,
        "f1-score": 0.6563157311115894,
        "support": 389003.0
    },
    "weighted avg": {
        "precision": 0.9937753695685466,
        "recall": 0.9823626038873736,
        "f1-score": 0.9871893264437868,
        "support": 389003.0
    }
}