{
    "0": {
        "precision": 1.0,
        "recall": 0.0004886865192333051,
        "f1-score": 0.0009768956427353079,
        "support": 386751.0
    },
    "1": {
        "precision": 0.005791972511277886,
        "recall": 1.0,
        "f1-score": 0.011517237499552505,
        "support": 2252.0
    },
    "accuracy": 0.006275015873913569,
    "macro avg": {
        "precision": 0.5028959862556389,
        "recall": 0.5002443432596166,
        "f1-score": 0.006247066571143906,
        "support": 389003.0
    },
    "weighted avg": {
        "precision": 0.9942443722081717,
        "recall": 0.006275015873913569,
        "f1-score": 0.001037915351738972,
        "support": 389003.0
    }
}