{
    "learning_rate": 0.9455434112132294,
    "n_estimators": 301.69483767884833
}