{
    "learning_rate": 0.9890841712467692,
    "n_estimators": 499.9438084025411
}