{
    "learning_rate": 0.16445845403801215,
    "n_estimators": 120.1975341512912
}