{
    "0": {
        "precision": 0.994210424834501,
        "recall": 0.9999276019971506,
        "f1-score": 0.9970608178661022,
        "support": 386751.0
    },
    "1": {
        "precision": 0.0,
        "recall": 0.0,
        "f1-score": 0.0,
        "support": 2252.0
    },
    "accuracy": 0.9941388626822929,
    "macro avg": {
        "precision": 0.4971052124172505,
        "recall": 0.4999638009985753,
        "f1-score": 0.4985304089330511,
        "support": 389003.0
    },
    "weighted avg": {
        "precision": 0.9884547831640581,
        "recall": 0.9941388626822929,
        "f1-score": 0.9912886748187878,
        "support": 389003.0
    }
}