{
    "0": {
        "precision": 0.9942108415616332,
        "recall": 1.0,
        "f1-score": 0.9970970178690668,
        "support": 386751.0
    },
    "1": {
        "precision": 0.0,
        "recall": 0.0,
        "f1-score": 0.0,
        "support": 2252.0
    },
    "accuracy": 0.9942108415616332,
    "macro avg": {
        "precision": 0.4971054207808166,
        "recall": 0.5,
        "f1-score": 0.4985485089345334,
        "support": 389003.0
    },
    "weighted avg": {
        "precision": 0.9884551974786909,
        "recall": 0.9942108415616332,
        "f1-score": 0.9913246652541997,
        "support": 389003.0
    }
}