{
    "0": {
        "precision": 0.997880579831493,
        "recall": 0.9860866552381248,
        "f1-score": 0.9919485623547496,
        "support": 386751.0
    },
    "1": {
        "precision": 0.2113439835849333,
        "recall": 0.6403197158081705,
        "f1-score": 0.3177961432506887,
        "support": 2252.0
    },
    "accuracy": 0.9840849556430156,
    "macro avg": {
        "precision": 0.6046122817082131,
        "recall": 0.8132031855231476,
        "f1-score": 0.6548723528027192,
        "support": 389003.0
    },
    "weighted avg": {
        "precision": 0.9933271948582478,
        "recall": 0.9840849556430156,
        "f1-score": 0.988045787188948,
        "support": 389003.0
    }
}