{
    "0": {
        "precision": 0.9990135262437567,
        "recall": 0.8719641319608741,
        "f1-score": 0.9311751622563049,
        "support": 386751.0
    },
    "1": {
        "precision": 0.03730777455916947,
        "recall": 0.8521314387211367,
        "f1-score": 0.07148577920989402,
        "support": 2252.0
    },
    "accuracy": 0.8718493173574496,
    "macro avg": {
        "precision": 0.5181606504014631,
        "recall": 0.8620477853410053,
        "f1-score": 0.5013304707330994,
        "support": 389003.0
    },
    "weighted avg": {
        "precision": 0.993446059276166,
        "recall": 0.8718493173574496,
        "f1-score": 0.9261982842100674,
        "support": 389003.0
    }
}