{
    "0": {
        "precision": 0.9979997205088931,
        "recall": 0.9417402928499216,
        "f1-score": 0.9690541439404018,
        "support": 386751.0
    },
    "1": {
        "precision": 0.06327429949280784,
        "recall": 0.6758436944937833,
        "f1-score": 0.11571504599711092,
        "support": 2252.0
    },
    "accuracy": 0.9402009753138151,
    "macro avg": {
        "precision": 0.5306370100008505,
        "recall": 0.8087919936718524,
        "f1-score": 0.5423845949687564,
        "support": 389003.0
    },
    "weighted avg": {
        "precision": 0.9925884469502618,
        "recall": 0.9402009753138151,
        "f1-score": 0.9641140287007551,
        "support": 389003.0
    }
}