{
    "0": {
        "precision": 0.9992789289691622,
        "recall": 0.9674777828628756,
        "f1-score": 0.9831212542400491,
        "support": 386751.0
    },
    "1": {
        "precision": 0.13612637362637361,
        "recall": 0.8801065719360568,
        "f1-score": 0.2357839638353557,
        "support": 2252.0
    },
    "accuracy": 0.9669719770798683,
    "macro avg": {
        "precision": 0.5677026512977679,
        "recall": 0.9237921773994662,
        "f1-score": 0.6094526090377024,
        "support": 389003.0
    },
    "weighted avg": {
        "precision": 0.9942820020698016,
        "recall": 0.9669719770798683,
        "f1-score": 0.9787948002589968,
        "support": 389003.0
    }
}