{
    "0": {
        "precision": 0.9976556688285154,
        "recall": 0.984811933259384,
        "f1-score": 0.9911921959394839,
        "support": 386751.0
    },
    "1": {
        "precision": 0.1876642234822293,
        "recall": 0.6025754884547069,
        "f1-score": 0.2861963513656016,
        "support": 2252.0
    },
    "accuracy": 0.9825991059194916,
    "macro avg": {
        "precision": 0.5926599461553723,
        "recall": 0.7936937108570454,
        "f1-score": 0.6386942736525427,
        "support": 389003.0
    },
    "weighted avg": {
        "precision": 0.992966500017684,
        "recall": 0.9825991059194916,
        "f1-score": 0.9871108632968556,
        "support": 389003.0
    }
}