{
    "0": {
        "precision": 0.9989953730195514,
        "recall": 0.9976056946200527,
        "f1-score": 0.9983000501963869,
        "support": 386751.0
    },
    "1": {
        "precision": 0.668100358422939,
        "recall": 0.827708703374778,
        "f1-score": 0.7393891312971044,
        "support": 2252.0
    },
    "accuracy": 0.996622134019532,
    "macro avg": {
        "precision": 0.8335478657212452,
        "recall": 0.9126571989974153,
        "f1-score": 0.8688445907467457,
        "support": 389003.0
    },
    "weighted avg": {
        "precision": 0.997079769353586,
        "recall": 0.996622134019532,
        "f1-score": 0.9968011738654559,
        "support": 389003.0
    }
}