{
    "0": {
        "precision": 0.9942106480886398,
        "recall": 0.9999663866415343,
        "f1-score": 0.997080211049822,
        "support": 386751.0
    },
    "1": {
        "precision": 0.0,
        "recall": 0.0,
        "f1-score": 0.0,
        "support": 2252.0
    },
    "accuracy": 0.9941774227962252,
    "macro avg": {
        "precision": 0.4971053240443199,
        "recall": 0.4999831933207671,
        "f1-score": 0.498540105524911,
        "support": 389003.0
    },
    "weighted avg": {
        "precision": 0.9884550051257432,
        "recall": 0.9941774227962252,
        "f1-score": 0.9913079557322945,
        "support": 389003.0
    }
}