{
    "0": {
        "precision": 0.9942103504126282,
        "recall": 0.9999146737823561,
        "f1-score": 0.9970543533048609,
        "support": 386751.0
    },
    "1": {
        "precision": 0.0,
        "recall": 0.0,
        "f1-score": 0.0,
        "support": 2252.0
    },
    "accuracy": 0.9941260093109822,
    "macro avg": {
        "precision": 0.4971051752063141,
        "recall": 0.49995733689117805,
        "f1-score": 0.49852717665243046,
        "support": 389003.0
    },
    "weighted avg": {
        "precision": 0.9884547091730254,
        "recall": 0.9941260093109822,
        "f1-score": 0.9912822476819158,
        "support": 389003.0
    }
}