{
    "0": {
        "precision": 0.9989886867411918,
        "recall": 0.9986658082332043,
        "f1-score": 0.9988272213939644,
        "support": 386751.0
    },
    "1": {
        "precision": 0.7829196466133782,
        "recall": 0.8263765541740675,
        "f1-score": 0.8040613523439187,
        "support": 2252.0
    },
    "accuracy": 0.9976683984442279,
    "macro avg": {
        "precision": 0.890954166677285,
        "recall": 0.9125211812036359,
        "f1-score": 0.9014442868689416,
        "support": 389003.0
    },
    "weighted avg": {
        "precision": 0.9977378288342661,
        "recall": 0.9976683984442279,
        "f1-score": 0.9976996909196474,
        "support": 389003.0
    }
}