{
    "0": {
        "precision": 0.9989096745305786,
        "recall": 0.8883209093189158,
        "f1-score": 0.9403751274489007,
        "support": 386751.0
    },
    "1": {
        "precision": 0.04164725199139098,
        "recall": 0.83348134991119,
        "f1-score": 0.07933052978593014,
        "support": 2252.0
    },
    "accuracy": 0.8880034344208142,
    "macro avg": {
        "precision": 0.5202784632609848,
        "recall": 0.8609011296150529,
        "f1-score": 0.5098528286174154,
        "support": 389003.0
    },
    "weighted avg": {
        "precision": 0.9933679306994044,
        "recall": 0.8880034344208142,
        "f1-score": 0.93539040385053,
        "support": 389003.0
    }
}